session_id,mean_dwell_pct_angry_face,std_dwell_pct_angry_face,mean_dwell_pct_anxiety_inducing,std_dwell_pct_anxiety_inducing,mean_dwell_pct_combat_vehicles,std_dwell_pct_combat_vehicles,mean_dwell_pct_happy_event,std_dwell_pct_happy_event,mean_dwell_pct_happy_face,std_dwell_pct_happy_face,mean_dwell_pct_neutral,std_dwell_pct_neutral,mean_dwell_pct_neutral_face,std_dwell_pct_neutral_face,mean_dwell_pct_sad_face,std_dwell_pct_sad_face,mean_dwell_pct_sleep_related,std_dwell_pct_sleep_related,mean_dwell_pct_soldiers,std_dwell_pct_soldiers,mean_dwell_pct_warfare,std_dwell_pct_warfare,std_delta_dwell_pct_angry_face,std_delta_dwell_pct_anxiety_inducing,std_delta_dwell_pct_warfare,std_delta_dwell_pct_soldiers,mean_visits_angry_face,mean_visits_anxiety_inducing,mean_visits_combat_vehicles,mean_visits_happy_event,mean_visits_happy_face,mean_visits_neutral,mean_visits_neutral_face,mean_visits_sad_face,mean_visits_sleep_related,mean_visits_soldiers,mean_visits_warfare,mean_dwell_pct_late_angry_face,mean_dwell_pct_late_anxiety_inducing,mean_dwell_pct_late_combat_vehicles,mean_dwell_pct_late_happy_event,mean_dwell_pct_late_happy_face,mean_dwell_pct_late_neutral,mean_dwell_pct_late_neutral_face,mean_dwell_pct_late_sad_face,mean_dwell_pct_late_sleep_related,mean_dwell_pct_late_soldiers,mean_dwell_pct_late_warfare,mean_visits_late_angry_face,mean_visits_late_anxiety_inducing,mean_visits_late_combat_vehicles,mean_visits_late_happy_event,mean_visits_late_happy_face,mean_visits_late_neutral,mean_visits_late_neutral_face,mean_visits_late_sad_face,mean_visits_late_sleep_related,mean_visits_late_soldiers,mean_visits_late_warfare,mean_offscreen_pct_angry_face,mean_offscreen_pct_anxiety_inducing,mean_offscreen_pct_combat_vehicles,mean_offscreen_pct_happy_event,mean_offscreen_pct_happy_face,mean_offscreen_pct_neutral,mean_offscreen_pct_neutral_face,mean_offscreen_pct_sad_face,mean_offscreen_pct_sleep_related,mean_offscreen_pct_soldiers,mean_offscreen_pct_warfare,mean_offscreen_pct_late_angry_face,mean_offscreen_pct_late_anxiety_inducing,mean_offscreen_pct_late_combat_vehicles,mean_offscreen_pct_late_happy_event,mean_offscreen_pct_late_happy_face,mean_offscreen_pct_late_neutral,mean_offscreen_pct_late_neutral_face,mean_offscreen_pct_late_sad_face,mean_offscreen_pct_late_sleep_related,mean_offscreen_pct_late_soldiers,mean_offscreen_pct_late_warfare,total_blink_count,mean_blink_rate_angry_face,mean_blink_duration_angry_face,std_blink_duration_angry_face,mean_blink_rate_anxiety_inducing,mean_blink_duration_anxiety_inducing,std_blink_duration_anxiety_inducing,mean_blink_rate_combat_vehicles,mean_blink_duration_combat_vehicles,std_blink_duration_combat_vehicles,mean_blink_rate_happy_event,mean_blink_duration_happy_event,std_blink_duration_happy_event,mean_blink_rate_happy_face,mean_blink_duration_happy_face,std_blink_duration_happy_face,mean_blink_rate_neutral,mean_blink_duration_neutral,std_blink_duration_neutral,mean_blink_rate_neutral_face,mean_blink_duration_neutral_face,std_blink_duration_neutral_face,mean_blink_rate_sad_face,mean_blink_duration_sad_face,std_blink_duration_sad_face,mean_blink_rate_sleep_related,mean_blink_duration_sleep_related,std_blink_duration_sleep_related,mean_blink_rate_soldiers,mean_blink_duration_soldiers,std_blink_duration_soldiers,mean_blink_rate_warfare,mean_blink_duration_warfare,std_blink_duration_warfare,mean_blink_duration_ms,mean_blink_interval_norm,std_blink_interval_norm,mean_blink_latency_norm_angry_face,mean_blink_latency_norm_anxiety_inducing,mean_blink_latency_norm_combat_vehicles,mean_blink_latency_norm_happy_event,mean_blink_latency_norm_happy_face,mean_blink_latency_norm_neutral,mean_blink_latency_norm_neutral_face,mean_blink_latency_norm_sad_face,mean_blink_latency_norm_sleep_related,mean_blink_latency_norm_soldiers,mean_blink_latency_norm_warfare,if_PTSD,ITI_PTSD,ITI_cPTSD,if_antipsychotic
1Uehxi3TOkqvnzgttQI7,18.336399999999617,13.320738644851344,24.760857142857063,29.62423711152024,22.242333333333615,31.377751946345008,20.138222222221728,20.24455769940217,13.940000000000056,20.77076037125269,14.432240000000132,18.384358913922338,27.232923076922933,23.775421659288067,13.997000000000044,13.572681596290929,14.569142857142724,21.749365135780625,31.66449999999997,24.07633369692558,37.44666666666696,24.388014542667577,21.98972042670083,30.079502404114404,33.33560335119025,28.388906163197746,1.5,1.2857142857142858,0.875,1.0,0.8181818181818182,0.84,1.7692307692307692,1.0,1.1428571428571428,1.875,2.3333333333333335,23.23823529411705,25.97394957983195,24.500945378151343,20.69215686274468,14.621925133689851,14.938840336134568,27.68054298642485,15.191176470587916,15.8218487394957,37.00073529411769,43.46960784313784,1.4,0.9285714285714286,0.625,0.7777777777777778,0.6363636363636364,0.6,1.3076923076923077,0.75,1.0,1.25,1.75,16.530399999999965,25.877238095237516,35.417000000000165,17.997333333333568,36.60690909090913,21.979146666666647,18.715076923076857,33.33099999999999,37.432000000000365,16.335,9.72333333333343,14.602941176470589,26.794537815125835,32.88035714285678,17.968627450980563,35.47165775401092,21.430033613445307,16.361085972850624,30.75588235294152,36.42352941176466,13.973529411764664,9.639215686274552,22,0.3,66.66666666667636,0.0577350269223232,0.2857142857142857,66.64999999999782,0.1290994448679446,0.25,66.64999999999418,0.0707106781433501,0.3333333333333333,66.66666666666181,0.0577350269349255,0.2727272727272727,44.46666666667443,38.50926295495476,0.28,66.664285714288,0.0744946343644235,0.2307692307692307,66.66666666667636,0.0577350269223232,0.25,33.35000000000582,47.16402230515095,0.1428571428571428,66.60000000003492,,0.25,66.70000000001164,0.0,0.5833333333333334,66.67142857142815,0.0487950036531071,63.636363636366944,4.871521904761905,5.041193713024344,0.3200199999999895,0.3833499999999986,0.3644066666666729,0.2933200000000012,0.7701399999999965,0.3904656410256417,0.3200199999999895,0.76,0.0866,0.4902399999999964,0.38808,1,12.0,11.0,1.0
8LQQmNuNOOg5wGfdKZf3,28.676000000000027,11.47634138061624,20.22836190476179,11.873521715481518,33.728633333332866,22.804187429087687,56.8172444444444,16.468557730954036,33.23967272727253,17.936338472112496,25.4408213333333,16.321460503150554,31.776584615384746,17.318520541597795,20.471049999999597,10.819275638678931,35.42725714285763,8.94301604136957,35.677950000000706,19.60539573943919,30.302499999999995,15.664241901860663,24.807853878999293,16.10012190444606,27.489982150462374,31.798120924177574,2.2,1.7857142857142858,1.375,2.0,2.1818181818181817,1.64,2.076923076923077,1.625,2.0,2.25,2.0,36.46923529411745,19.930972388955578,39.17980042016695,66.95313725490183,41.375294117647016,28.653040336134566,31.98533936651588,16.833897058823126,33.843277310924655,43.86632352941256,31.12818627451013,1.7,1.2142857142857142,0.75,1.5555555555555556,1.6363636363636365,1.22,1.3076923076923077,1.0,1.5714285714285714,1.875,1.5,1.069520000000019,9.262704761904766,3.1193833333332437,2.0795555555555945,8.26439999999997,4.950922666666679,1.851076923076941,11.363549999999956,2.100800000000163,2.840899999999965,5.069033333333354,1.179588235294282,9.689579831932752,2.281901260504197,1.7475163398692506,10.008770053475931,5.339080672268913,2.268461538461744,13.762058823529408,3.0894117647061217,3.4405147058823786,6.799117647058843,16,0.0,,,0.4285714285714285,100.26666666666884,55.92474681808301,0.25,0.0,0.0,0.1111111111111111,133.69000000000233,,0.3636363636363636,100.26750000000176,66.84500000000116,0.22,91.15181818182,61.79172109889584,0.0,,,0.5,100.26750000000176,66.84500000000116,0.0,,,0.0,,,0.3333333333333333,133.69000000000233,0.0,96.08937500000184,7.279884622222222,6.197289995523106,,0.3074816000000003,0.4979859999999986,0.9491839999999968,0.4144340000000026,0.4999915999999992,,0.4144340000000026,,,0.8539299999999974,0,0.0,0.0,1.0
8qQ0abpe8SwDLaUXAzri,41.10915999999988,12.993164318996229,63.040904761905,18.052196932167437,44.03331666666633,23.831150232396556,30.525422222221906,18.15289865240346,24.246181818181807,15.446965198239914,18.76536266666667,14.081423489017052,22.881292307692327,14.827147460568138,38.769450000000106,19.644734634356148,36.47788571428558,13.312343702923604,43.95,14.04288628208008,43.72713333333343,14.570926092071426,22.851328268673253,29.35694311908342,18.058996978758113,23.657050010032012,2.3,1.9285714285714288,2.0,3.0,2.0,1.62,1.6153846153846154,2.375,2.4285714285714284,2.25,2.1666666666666665,46.88923529411734,72.43120048019226,50.22091386554535,27.523856209150058,12.957700534759535,14.528749579831812,12.249773755655866,45.217941176470745,33.42218487394956,48.04419117647066,50.706421568627455,1.9,1.5,1.375,2.3333333333333335,1.181818181818182,1.08,1.0,1.875,2.0,1.75,1.6666666666666667,11.497119999999908,4.297142857142815,15.151433333333408,11.363422222222145,9.479709090908797,10.111293333333316,9.6666461538461,8.522599999999766,11.936399999999974,9.107600000000094,12.811766666666566,13.368764705882151,4.493739495798297,7.372457983192989,13.434313725489844,11.79604278074816,9.397487394957867,11.0398190045248,10.56727941176429,13.902352941176508,9.3386029411766,12.942843137254744,15,0.2,133.69000000000233,0.0,0.1428571428571428,66.84499999998661,94.5331055768106,0.25,100.26999999998225,47.26301725449608,0.3333333333333333,133.69000000000233,0.0,0.0909090909090909,133.67999999999302,,0.24,122.54833333332864,45.25313205299642,0.1538461538461538,133.69000000000233,0.0,0.0,,,0.1428571428571428,133.67999999999302,,0.25,142.04499999999825,11.815754313621447,0.25,150.39666666666744,16.71500024925905,124.77599999999607,4.890997142857143,3.2884107566586644,0.5915679999999934,0.8255240000000049,0.1336866666666755,0.5147,0.8823439999999945,0.4235481212121233,0.5915679999999934,,0.8823439999999945,0.3676419999999984,0.2306119999999995,1,10.0,11.0,0.0
9Pd2lTJaNZ7CGrLBPjuU,23.80160000000067,17.00011651724783,20.836761904761744,10.205152118807163,19.24299999999993,15.733497121828524,36.51599999999873,13.422483972798632,34.110545454544905,14.98804048809368,33.24562666666678,14.51020595902817,34.87107692307766,15.41199006434885,18.832500000000145,8.624340952045507,15.819428571428372,8.140379820318518,14.085499999999882,6.624978857109221,14.5543333333331,10.465423514284268,23.380803658842584,19.13654379543627,21.68773416780524,13.548993088575935,1.9,1.6428571428571428,1.125,3.0,3.1818181818181817,2.64,3.076923076923077,1.75,1.5714285714285714,1.5,0.9166666666666666,21.668235294118368,11.613745498199316,7.8944327731102835,41.71568627450866,38.222459893047066,35.596369747898976,35.81990950226368,13.352941176469947,15.561344537814538,9.802205882353196,9.320098039215772,1.0,0.7142857142857143,0.25,2.3333333333333335,2.5454545454545454,1.86,2.1538461538461537,0.875,1.1428571428571428,0.625,0.4166666666666667,23.06519999999972,12.85657142857134,26.244166666666427,17.038222222222377,22.85963636363624,21.175466666666775,22.921230769230753,22.34600000000035,28.00971428571385,26.090999999999912,30.335000000000775,24.995294117646957,15.566266506602236,23.180462184873846,20.260784313726024,24.963101604278258,23.20825210084039,23.977375565610863,24.39558823529467,29.55630252100777,27.834558823529413,35.133333333334534,73,1.3,62.82307692307782,18.111283492432264,0.8571428571428571,63.87499999999515,6.45785286579296,0.875,52.37142857143356,24.40243937845323,0.6666666666666666,72.18333333332946,38.9919692586409,1.181818181818182,56.33846153847004,18.73759760755256,0.88,59.84090909090578,19.800497036063184,1.0,62.82307692307782,18.111283492432264,1.0,62.48750000000655,7.865010671125967,0.7142857142857143,50.01999999999534,28.896574191409098,0.875,54.70000000000333,12.616259350542832,1.5,57.372222222221254,13.10571521289966,59.79863013698614,1.816229074074074,3.8674069791465646,0.1666700000000041,0.4573359999999986,0.288899999999999,0.5644666666666667,0.2866560000000032,0.4682818181818184,0.1666700000000041,0.3688800000000007,0.28,0.513240000000014,0.5333350000000006,1,19.0,6.0,1.0
9gSnpeygVxyRw0VLNI6F,6.399600000000559,9.471803948795705,11.903238095238226,10.709678724564936,10.942833333331317,12.120829798978423,6.516444444443202,9.27529372999684,8.424000000000339,13.264658970360838,9.253253333333568,12.013433902681262,10.408307692308265,11.345733701737425,13.423500000000931,15.68134723621961,4.667428571428837,8.338415334209152,5.329999999999999,7.833476586330157,8.11233333333318,9.594225150708567,18.063058611429824,17.299028520719375,20.711079722529195,11.060723290738016,0.7,1.2142857142857142,0.625,0.6666666666666666,0.6363636363636364,0.92,1.1538461538461535,0.875,0.2857142857142857,0.375,0.9166666666666666,5.195882352940081,11.272268907564198,9.15672268907558,4.683006535947713,9.090909090910335,9.44742857142825,6.334389140268964,9.444117647059851,3.221008403361736,5.269852941176128,6.210294117646601,0.2,0.9285714285714286,0.375,0.2222222222222222,0.4545454545454545,0.62,0.6923076923076923,0.5,0.1428571428571428,0.25,0.5833333333333334,42.20119999999925,38.27266666666471,43.5988333333369,55.8546666666617,46.86036363636228,47.05503999999785,46.46553846153717,36.92149999999907,51.82685714285687,62.59599999999744,47.22299999999424,50.79294117646949,42.868127250900386,46.4903361344509,56.756862745095304,46.62085561497251,50.73870588235068,54.30904977375375,38.482352941177155,56.03697478991323,67.04558823528865,50.08627450980095,14,0.2,66.80000000004657,0.1414213563690184,0.3571428571428571,66.68000000002795,0.0836660026200132,0.125,50.10000000009313,,0.0,,,0.1818181818181818,66.40000000002328,0.2828427125734007,0.18,64.82222222228948,5.521271995141516,0.2307692307692307,66.53333333336438,0.4725815626712441,0.25,66.40000000002328,0.2828427125734007,0.2857142857142857,66.6500000001397,0.0707106781845092,0.125,66.0,,0.0833333333333333,66.60000000009313,,65.41428571433893,7.545447179487178,9.386955476212904,0.5799799999999814,0.5666800000000047,0.9666666666666668,,0.1266400000000372,0.6433633333333146,0.3911333333333022,0.1266400000000372,0.7334199999999255,0.0134399999999441,0.4466799999999813,1,14.0,8.0,0.0
DAccofkFpBK00oVonRAi,30.012879999999804,15.276674282403778,37.16202857142859,30.46628251123724,31.890083333333557,25.42488284360659,20.498844444444146,13.030184987857382,20.66083636363669,15.176493813214774,19.866008000000036,16.740864171007686,25.760553846154025,19.308965545596365,24.565099999999696,22.223600514511347,34.37691428571382,30.009946553513725,27.740349999999815,19.064492562951923,29.132799999999747,13.009844210093494,34.58405539142739,39.20370810867236,21.494511394447883,19.013528941857736,2.2,1.2857142857142858,1.25,1.8888888888888888,2.272727272727273,1.38,1.6923076923076923,1.875,1.7142857142857142,1.875,2.0833333333333335,33.127058823529055,48.778775510204014,24.768035714285883,21.18915032679702,16.80026737967954,17.474934453781525,25.633529411764847,26.418161764705687,39.03924369747836,29.735808823529357,35.306029411764236,1.8,1.2142857142857142,0.75,1.4444444444444444,1.6363636363636365,1.0,1.3076923076923077,1.625,1.4285714285714286,1.5,1.8333333333333333,11.02932000000018,20.65801904761897,19.551833333333175,14.779911111111094,20.66083636363664,19.032730666666627,12.59756923076952,23.562500000000327,20.43531428571458,21.05575000000019,15.039933333333076,8.453882352941367,16.149369747899172,18.641827731092334,14.089673202614383,16.26411764705921,17.078951260504265,10.283755656108893,17.939705882353497,19.660084033613835,19.905661764706295,14.581225490195898,33,0.4,116.97750000000816,33.42499999998836,0.3571428571428571,66.84400000000024,66.84500003740112,0.375,33.42333333333469,57.89091149164613,0.3333333333333333,122.54333333333972,19.28927249361481,0.6363636363636364,90.71714285714448,63.16239907684726,0.4,83.5560000000005,58.89489839402133,0.4615384615384615,116.97833333333983,27.964763840701178,0.75,83.5550000000015,66.00376921055386,0.4285714285714285,22.28666666666686,19.300819499009357,0.375,122.55000000000292,19.295045996316286,0.5,133.68999999999747,1.1881593562377298e-11,91.15181818182,3.4069505416666663,2.6462269105095673,0.3509310000000056,0.0735279999999998,0.0311946666666616,0.247323999999999,0.0601599999999957,0.1073437647058806,0.3475886666666697,0.0508015999999945,0.0311946666666616,0.2629199999999992,0.150398000000001,1,12.0,8.0,1.0
DFKTCst91KismliOk8lp,24.130600000000033,15.15925145762674,23.936666666666635,17.100229680228775,31.251116666666952,24.7783728570344,19.97888888888863,13.773872466053344,19.081054545454787,11.482246432851277,19.01482133333344,20.615602987902776,14.140061538461282,10.77079335468006,13.5358500000001,12.930718036300132,14.32365714285722,12.197094391542416,33.08779999999999,21.36321509457643,16.209600000000552,12.7406945413653,24.08644111598373,26.389993151152968,40.52206255338733,31.875509892795456,1.8,1.8571428571428572,1.625,1.8888888888888888,1.6363636363636365,1.42,1.3076923076923077,1.625,1.2857142857142858,1.875,1.4166666666666667,29.784882352941132,23.170798319328043,28.26142857142905,18.78620915032666,14.030213903743675,16.536835294117697,9.073800904977167,13.270367647059174,12.919411764706032,32.193235294117855,8.355490196079023,1.5,1.1428571428571428,0.875,0.8888888888888888,1.0,0.8,0.7692307692307693,1.0,0.8571428571428571,1.375,0.6666666666666666,29.678679999999645,30.74819047619044,25.37275000000016,39.140844444444454,41.62567272727264,35.2757573333334,31.21095384615353,41.61044999999987,48.987085714286245,31.667350000000003,40.21779999999975,35.78117647058808,42.57980792316915,23.030021008402933,49.47771241830101,47.09486631016037,44.52702016806704,34.10248868778258,42.26919117647038,59.12042016806748,36.49389705882331,51.60754901960735,14,0.3,133.69000000000233,0.0,0.1428571428571428,133.68999999997322,0.0,0.375,133.68999999999747,8.401560186662922e-12,0.2222222222222222,133.69000000000233,0.0,0.1818181818181818,133.69000000000233,0.0,0.18,133.68888888887886,0.0033333333321934,0.2307692307692307,133.69000000000233,0.0,0.25,133.69000000000233,0.0,0.0,,,0.0,,,0.1666666666666666,133.68499999998312,0.0070710677978714,133.6892857142801,9.320105743589746,9.738428537209217,0.2718306666666641,0.4879580000000074,0.5674311111111181,0.855601999999996,0.4211180000000036,0.5694112592592624,0.2718306666666641,0.4211180000000036,,,0.3676440000000002,0,0.0,0.0,1.0
DTGxc0RwsWrTMRKpenb8,18.073200000000767,12.32590710477596,19.995999999999903,15.073731404716032,20.303666666667148,15.425605375684862,18.06933333333323,17.45450967515221,11.695272727272927,8.092387498024344,17.052053333333298,16.061159721170185,19.54184615384586,10.11853106801374,19.99699999999975,12.657251473252709,17.807428571429334,15.383400478623884,17.0054999999993,14.822291773831832,7.611666666667443,7.320793490691044,13.640437503572944,24.749576898197887,15.2694391871778,6.5203543944013775,1.4,2.0714285714285716,1.125,1.7777777777777777,0.8181818181818182,1.26,1.6923076923076923,1.75,1.7142857142857142,1.375,0.5833333333333334,18.924705882354548,20.43301320528204,14.613445378151674,20.04183006535944,12.474331550802823,18.43289075630259,22.550226244343655,23.893382352941067,16.11176470588299,13.361764705881583,6.785784313726574,1.0,1.5,0.5,1.3333333333333333,0.7272727272727273,0.9,1.3076923076923077,1.625,1.0,0.375,0.25,35.3364000000002,37.39638095238149,52.67083333333365,40.30577777777792,43.39309090909051,45.34120000000009,34.824923076923234,44.83449999999931,45.62971428571402,45.99949999999976,56.5003333333334,32.06176470588218,36.81626650660312,61.95756302521002,37.15882352941168,41.27005347593598,45.4195294117647,32.283257918551925,41.552205882352986,44.40168067226881,45.10147058823499,54.73480392156889,217,3.0,66.62000000000457,0.1540264195892643,2.5714285714285716,63.430555555558385,12.4894199669577,1.875,66.68666666666104,0.2587515815481624,3.0,66.73333333333397,0.1941450686811941,2.909090909090909,64.57187499999873,9.277695569520343,2.9,64.13862068965551,10.83480237607998,2.8461538461538463,65.2702702702746,11.360796745947258,3.0,63.858333333333576,10.671861280417987,3.5714285714285716,63.96800000000105,7.872352465013945,2.75,61.40454545454519,20.18211082623952,3.4166666666666665,63.76341463414393,11.76090464414598,64.42995391705131,0.5194738888888889,0.51374986555213,0.1555599999999983,0.2486942857142848,0.2812116666666683,0.1570266666666656,0.2654763636363633,0.1950354666666665,0.166703333333333,0.3033549999999981,0.0553085714285727,0.2774949999999997,0.1155899999999999,1,14.0,9.0,1.0
Hbclb0zZSybizAHveOgU,16.725599999998696,20.12701315369151,24.975333333333616,19.654678489609463,28.143333333333914,26.718016987532252,17.571111111111627,19.43779573694402,19.33709090909127,21.136704915641715,19.669173333333664,20.218625142642633,23.75476923077,24.18033280083146,23.536000000000204,21.96876494350203,18.94285714285698,20.080625981516125,19.99850000000035,27.966136333584966,10.45033333333345,18.0254565411019,31.472944766364257,26.67442194207531,23.38262655490297,33.9522608672843,1.2,2.5714285714285716,1.5,1.4444444444444444,1.5454545454545454,1.5,1.8461538461538465,1.875,1.8571428571428572,1.5,1.0,14.26235294117548,26.436074429771793,27.63214285714431,16.963398692810994,17.427807486631327,18.214571428571904,23.04932126696909,20.411029411765092,13.709243697479677,23.888235294118417,9.611274509804264,0.5,1.8571428571428572,0.625,0.8888888888888888,0.9090909090909092,0.9,1.2307692307692308,1.0,0.8571428571428571,1.125,0.6666666666666666,29.89319999999949,22.79400000000015,21.457999999999497,37.578666666666194,33.282181818181726,32.751279999999866,28.716923076922544,31.166999999999824,38.94228571428651,32.21499999999913,52.88066666666642,34.30529411764685,22.87226890756293,23.468592436973665,42.13725490195964,36.60427807486631,34.8268571428569,34.420814479637485,33.79558823529377,42.63949579832011,37.27867647058712,55.175490196078805,27,0.4,65.79999999998836,1.2935738607792846,0.2142857142857142,65.53333333332557,1.1590225767218645,0.25,65.35000000000582,0.2121320343477324,0.3333333333333333,64.53333333332557,0.6658328118415284,0.6363636363636364,55.72857142855979,18.204826675528444,0.28,64.69285714285381,2.21097412770418,0.4615384615384615,60.69999999998254,13.177708450265342,0.875,55.72857142855979,18.204826675528444,0.4285714285714285,64.59999999999611,3.328663395425292,0.25,50.499999999970896,23.47594513540161,0.25,63.666666666666664,3.9703064532978023,61.481481481472855,3.868786666666668,4.279219387666348,0.4318300000000046,0.1595866666666736,0.4657333333333372,0.2291400000000023,0.0083900000000023,0.4029897435897451,0.3454640000000037,0.0083900000000023,0.5984666666666745,0.0,0.5249866666666543,1,10.0,9.0,0.0
IUbJEKjKp7EgZC04EUbS,48.104800000000395,21.086438215644552,53.2781904761905,13.855956471449572,39.14066666666775,20.101484389633267,17.6586666666662,17.363491008434814,27.34727272727233,18.70606864678392,23.95090666666652,20.231172697404247,20.61384615384584,15.883148773916316,35.30449999999942,16.619233117943935,43.407999999999966,19.241613515156377,53.664999999999495,18.377196894910313,50.32433333333276,18.985139640032035,34.08041185197056,14.966872872609343,24.205543016575348,29.84976301413482,3.2,2.357142857142857,1.625,1.2222222222222223,1.818181818181818,1.32,1.3076923076923077,2.125,1.7142857142857142,2.25,2.5,52.532352941177315,57.768307322929374,39.66292016806845,18.731372549019472,24.597860962566664,20.366336134453704,19.885067873302734,39.063235294117206,43.870588235294406,64.01323529411692,59.398529411764144,2.3,1.7142857142857142,0.75,0.7777777777777778,1.0,0.7,0.7692307692307693,1.375,1.1428571428571428,1.625,1.9166666666666667,2.9408000000000465,7.887904761904813,12.996333333333144,2.65466666666655,9.011636363636486,8.48386666666656,3.618153846154007,9.393500000000166,7.345714285714452,3.7555000000001746,12.170333333332968,2.7776470588235975,9.429831932773023,21.302521008402824,2.998039215686256,9.260427807486694,11.105344537814837,3.0420814479640113,8.325000000000085,9.83949579831928,3.7536764705884496,14.498039215685589,24,0.0,,,0.0714285714285714,0.0,,0.375,52.10000000001552,30.915206614204713,0.2222222222222222,32.25,45.608387386532314,0.8181818181818182,51.711111111115315,29.400614128130115,0.28,39.2428571428588,33.14823847937552,0.0769230769230769,66.09999999999127,,1.0,49.83750000000691,30.850836409132697,0.5714285714285714,48.99999999999272,32.70871443514189,0.125,66.09999999999127,,0.4166666666666667,39.85999999999767,36.47167394019433,45.03750000000218,4.597369855072463,3.4957598432807746,,0.3200800000000046,0.4853822222222212,0.4606000000000029,0.4217657142857139,0.4404605128205141,0.8600400000000024,0.3676133333333322,0.6235600000000034,0.8600400000000024,0.32025,1,11.0,13.0,1.0
JUGP5uIncGWoWCS5zsCq,54.94588000000035,22.621587910117704,44.78540000000159,20.58940382340118,35.14871666667168,18.922070876828258,26.58902222222545,15.076137382119278,15.31407272727313,15.663776896083652,25.81064533333272,19.61291491215863,19.02541538461398,16.799670877420997,44.95260000000067,23.911595342369807,47.74565714285843,35.418652650773694,49.46465000000084,28.37749481176071,36.597066666666265,28.318050088666663,37.161858949052146,32.77663465842091,44.45668860497877,40.023902038656466,2.3,2.2857142857142856,1.75,1.6666666666666667,1.7272727272727273,1.62,1.5384615384615383,2.25,1.8571428571428572,2.125,1.8333333333333333,55.637823529412074,52.720822328934446,38.96875000000367,26.43176470588729,13.404652406416714,23.370023529412197,17.240316742079806,46.93838235293772,51.39680672268885,58.488602941176126,39.729607843135376,1.4,1.7857142857142858,1.0,1.2222222222222223,1.0909090909090908,1.08,0.9230769230769232,1.5,1.5714285714285714,1.5,1.5,4.612239999999757,2.0053428571438414,1.5039500000001862,12.92315555555539,3.5245454545446075,7.566736000000685,3.5478769230767364,3.676499999999069,1.7188000000015435,6.350200000000187,15.15129999999966,5.799705882351297,1.9660084033629488,2.2116911764708624,9.83000000000146,3.395882352940081,6.684388235295467,4.4613122171933055,4.669338235292611,2.527647058825799,3.686250000000548,12.779019607843914,21,0.4,133.68999999994412,0.0,0.1428571428571428,133.68999999994412,0.0,0.0,,,0.3333333333333333,100.26666666660458,57.89091149165453,0.4545454545454545,127.00400000000371,14.944760954921634,0.22,112.41999999996784,47.906729381163025,0.3076923076923077,133.68999999994412,0.0,0.5,125.33250000001864,16.708333998337448,0.2857142857142857,133.68499999993946,0.0070710678184509,0.25,133.69000000006054,1.6463612699567982e-10,0.4166666666666667,106.95199999995528,59.787985582364385,120.9566666666374,3.1835037999999987,3.362675577497112,0.5169266666666915,0.334219999999972,,0.5080146666666803,0.3342210000000195,0.5454463999999967,0.5169266666666915,0.4411720000000049,0.5882280000000261,0.4545379999999888,0.3308760000000241,0,0.0,0.0,1.0
KKkmpSfLPj0PXD7j5Hjb,28.60120000000042,15.12645059930852,22.884666666666217,15.516875275801668,15.303333333333285,15.956337249278286,24.510222222221913,16.13424260523103,19.568727272727727,14.10966078324292,22.257066666666883,17.524135551832725,12.871384615384404,13.308217095329582,20.91200000000004,10.208941291128465,26.09714285714286,12.352609811001596,22.16400000000081,13.746936822434805,17.058333333333042,13.821853416918673,20.44256043541314,28.547101193114205,33.89121269144764,28.87069828439639,3.0,2.142857142857143,0.75,2.111111111111111,1.5454545454545454,2.0,1.0,1.875,2.0,1.875,1.5833333333333333,26.076470588236276,23.608223289315436,16.350945378151312,20.362091503268317,17.718716577540736,20.236184873949632,12.444796380090311,19.602941176470537,23.255462184874023,19.1051470588243,16.425980392156763,2.2,1.5,0.375,1.1111111111111112,0.9090909090909092,1.16,0.5384615384615384,1.25,1.0,1.25,0.9166666666666666,36.733999999999966,27.757619047618856,27.158333333333385,33.24933333333401,35.45454545454543,32.84722666666667,32.72092307692293,39.25450000000015,34.28114285714276,26.42099999999911,39.887333333333565,40.78647058823519,30.19915966386549,33.77163865546196,37.3522875816995,37.518181818181944,36.62181512605024,36.50542986425318,41.66985294117684,38.5117647058823,30.64191176470462,41.50441176470586,17,0.2,66.75,0.0707106781021911,0.1428571428571428,66.99999999998545,0.5656854249615857,0.0,,,0.3333333333333333,66.70000000001164,0.1732050807417649,0.1818181818181818,66.49999999999272,0.1414213562352515,0.24,66.76666666666763,0.2188122205841197,0.1538461538461538,66.75,0.0707106781021911,0.0,,,0.5714285714285714,66.72499999999854,0.0957427107660078,0.375,66.5666666666657,0.1527525231724983,0.3333333333333333,66.67500000000291,0.0499999999980597,66.72352941176487,5.5968599999999995,4.541548166576387,0.2066200000000011,0.3131600000000035,,0.802213333333334,0.3499800000000046,0.5516166666666663,0.2066200000000011,,0.5116499999999985,0.273306666666669,0.6216899999999994,1,11.0,0.0,0.0
M8mMRA4CbH4vfG8mUXdV,37.9615999999998,16.69241927209931,34.80399999999972,15.474924789179802,34.95999999999951,22.40495041669501,36.232888888890095,16.923872343855592,30.283636363636152,18.95143920272418,28.117679999999993,15.930137377499902,31.811692307692493,18.955234947038807,36.19449999999997,17.421266076673753,36.47542857142839,18.70588647865638,38.7235000000002,19.600787673677296,30.63400000000023,20.92213084924032,31.814911614943533,23.9285317229783,36.07651051458621,33.22587721297162,2.7,2.142857142857143,1.375,2.6666666666666665,2.727272727272727,2.04,2.3076923076923075,2.375,2.5714285714285716,2.375,1.75,39.70588235294126,41.18877551020382,45.435924369747504,39.04771241830153,32.11283422459912,24.71667226890739,30.002714932126658,37.09926470588278,37.35462184873935,42.1602941176474,31.667156862745554,2.1,1.7142857142857142,0.875,2.111111111111111,1.9090909090909092,1.2,1.3076923076923077,1.375,1.7142857142857142,1.75,1.25,2.002800000000396,2.233142857142791,0.0,3.6902222222226886,3.3389090909090275,2.183439999999944,2.564307692308033,2.7575000000001455,1.7159999999999336,3.577999999999884,5.224333333333295,2.945294117647641,2.4449579831931305,0.0,4.882352941176851,4.456149732620259,2.1119999999999455,3.7710407239824018,3.4308823529414334,2.5235294117646085,4.771323529411507,4.001470588235237,36,0.5,66.62000000000117,0.2949576240631132,0.5714285714285714,66.60000000000218,0.4242640687101645,0.25,66.4999999999709,0.2828427124499236,0.7777777777777778,66.08571428570473,0.8914941978232745,0.3636363636363636,66.65000000000873,0.0577350268887169,0.46,66.39999999999482,0.5752469825285409,0.5384615384615384,66.58571428571511,0.2734262327554327,0.375,66.6333333333411,0.0577350268719138,0.2857142857142857,66.64999999999418,0.0707106781433501,0.5,66.59999999999127,0.2000000000019402,0.5833333333333334,66.54285714284717,0.2439750182320208,66.48333333332954,2.8777108571428567,3.841404275841728,0.4897900000000024,0.5711942857142871,0.555813333333338,0.4524720000000053,0.6949700000000012,0.5672973333333368,0.5051733333333338,0.6355600000000016,0.8633199999999954,0.6946000000000029,0.2961200000000046,0,0.0,0.0,0.0
Mx2j4MQaGnvmeWI2BLoM,32.619840000000025,27.195688641449586,46.154133333333355,27.880629296408816,61.52430000000032,24.82867452744558,31.565333333333385,18.93516570299821,26.37294545454553,25.359116360171736,19.576410666666657,17.680929362607248,24.629507692307456,23.92709147620704,30.330500000000217,27.095509644852523,23.108971428571216,31.21650756708236,35.928600000000515,30.103755699248033,36.4856666666668,30.599148594611975,48.950584474749334,40.9692621515559,35.27904944179131,46.32754867305528,1.2,1.5,1.375,1.4444444444444444,1.6363636363636365,0.96,1.2307692307692308,1.5,1.1428571428571428,1.25,1.75,39.32000000000014,57.36509603841556,70.96917016806762,27.41483660130701,22.519465240641782,18.17988571428584,18.299049773755577,34.03632352941184,25.277142857142582,39.81147058823551,39.89343137254864,1.0,1.1428571428571428,1.25,1.2222222222222223,1.2727272727272727,0.5,0.6153846153846154,1.125,1.0,1.0,1.3333333333333333,1.470599999999802,3.3899142857142057,4.233416666666429,5.644533333333287,3.767490909090901,4.059634666666594,1.8511076923076044,2.8408000000000175,8.212171428571123,1.1698000000001048,2.896600000000229,1.7694117647057284,2.597899159663817,1.7202205882349515,1.092156862745136,4.110641711229959,3.165235294117524,2.4197285067873064,2.211691176470648,11.234117647057971,1.7202941176472129,4.259705882353278,8,0.0,,,0.1428571428571428,158.75999999999476,35.45433400868279,0.125,133.69000000000233,,0.1111111111111111,133.67999999999302,,0.2727272727272727,89.12333333334148,77.1830708985748,0.1,143.71599999999745,22.424408130422155,0.0,,,0.375,89.12333333334148,77.1830708985748,0.0,,,0.0,,,0.0833333333333333,133.69000000000233,,123.24375000000146,10.965803047619048,7.08552041332727,,0.3542739999999991,0.111406666666667,0.0935839999999967,0.3253079999999997,0.327090933333333,,0.3253079999999997,,,0.7219160000000032,1,10.0,9.0,1.0
R1h2U5EvesqWzc3ADps6,14.438279999999969,12.885431280049929,21.183266666666658,15.586321524704106,14.148583333333686,12.572092078495508,12.923199999999872,12.087512680448423,25.52214545454552,19.515246902684513,22.602141333333392,22.552421223410075,28.074369230769044,22.022905696546072,24.39805000000044,16.0546816135182,35.71497142857136,33.191070108173776,35.928649999999834,22.067975766254413,38.04543333333296,24.20772655644275,29.66660736620261,34.72556682468425,42.07631701056157,39.717580088562904,1.1,2.0714285714285716,0.875,1.3333333333333333,2.0,1.74,1.8461538461538465,1.625,1.8571428571428572,2.0,2.4166666666666665,12.385823529411915,21.55591836734708,21.73131302521037,12.669803921568407,22.16197860962567,20.14867058823518,26.76782805429813,20.888750000000393,40.16268907563032,38.58279411764691,36.616764705882105,0.8,1.5714285714285714,0.625,0.8888888888888888,1.181818181818182,1.08,1.2307692307692308,1.25,1.4285714285714286,1.375,1.8333333333333333,32.151959999999875,21.342342857142672,13.090333333332945,22.28142222222229,19.931672727272645,16.45255733333322,30.079846153846027,20.721649999999865,10.695028571428766,17.880800000000164,13.2017333333332,34.699823529411475,23.80264705882352,11.339821428571408,23.919738562091364,23.770748663101628,17.32612436974786,32.13651583710377,22.854779411764707,14.323697478991752,13.51624999999994,14.0077941176469,33,0.6,122.54999999999806,27.28731573461506,0.3571428571428571,127.0039999999979,14.950350497573488,0.375,133.69000000000233,0.0,0.5555555555555556,133.68800000000047,0.0044721359591645,0.6363636363636364,124.1371428571417,25.261256048397545,0.36,131.83166666666187,7.879249926980596,0.5384615384615384,119.3657142857098,26.29592608317908,0.875,124.1371428571417,25.261256048397545,0.0,,,0.375,122.54666666665192,19.30081949901356,0.4166666666666667,133.68799999998882,0.0044721359526567,127.6115151515114,3.277226416666667,5.203120022986279,0.2941120000000034,0.5230540000000008,0.1871613333333322,0.4278016000000026,0.365973000000004,0.4132529411764722,0.2205840000000025,0.365973000000004,,0.0713,0.4197800000000047,1,12.0,9.0,0.0
RBRGZzWIzDitollqkpzW,31.416640000000307,10.901911764171444,39.58114285714271,18.855685980777952,36.93126666666646,24.299024377253463,25.25226666666681,10.196561451783586,22.90938181818169,10.049478484162016,18.061250666666737,11.397420845591752,29.514184615384707,12.67634742304507,26.571599999999453,10.14218530861566,32.46702857142826,9.25292613856303,29.41239999999991,12.922343210778507,34.25769999999984,11.741778205892512,22.30310805601352,26.7176130948826,17.65783509304975,21.017159012510675,2.3,2.2142857142857144,1.25,2.111111111111111,1.818181818181818,1.44,2.076923076923077,2.375,3.0,2.25,2.3333333333333335,32.83211764705925,43.82367346938758,33.632678571429196,23.26444444444463,23.770855614972955,14.45287058823527,26.91895927601782,24.32948529411704,26.68159663865473,28.50720588235259,35.2242647058825,1.6,1.7857142857142858,0.625,1.3333333333333333,1.2727272727272727,0.96,1.4615384615384617,1.75,2.0,1.75,1.75,5.213840000000316,9.644571428571654,8.634166666666594,8.615511111111328,14.219599999999998,10.65940266666697,6.067384615384911,16.209749999999985,8.976057142857545,11.530600000000632,12.477600000000288,7.470823529411985,12.638487394958256,11.936607142857092,12.451372549019974,17.157914438502587,13.391245378151552,8.771402714932371,18.677132352941044,13.200084033614036,12.533161764706271,14.253529411764854,7,0.0,,,0.0714285714285714,133.6800000000003,,0.25,66.84500000000116,94.5331055768312,0.0,,,0.2727272727272727,100.26666666666765,57.89091149164613,0.06,89.1233333333342,77.18307089856849,0.0769230769230769,133.68999999998778,,0.375,100.26666666666765,57.89091149164613,0.0,,,0.125,133.68999999998778,,0.0,,,100.26571428571332,24.148955777777775,28.75677483056753,,0.0935839999999996,0.3230800000000017,,0.3899493333333366,0.2465813333333344,0.8556800000000047,0.3899493333333366,,0.8556800000000047,,1,8.0,0.0,1.0
Rj39OXC79SHjMrwZ7Y4i,5.39680000000028,7.300333703179716,5.968285714285754,8.898234426676606,8.189999999999419,11.260828016582645,4.222222222221705,6.110451410856647,5.879272727273002,4.287533115695247,4.051733333333434,5.621803998677569,7.134769230768925,5.407483058285161,2.7489999999996506,2.2401109666384724,5.42571428571362,4.826916120887892,4.746999999999825,5.1454144911477675,4.941666666666764,5.809542359277838,7.209812079535993,5.403783387691967,6.060712259373254,9.858871088661068,0.5,0.3571428571428571,0.5,0.4444444444444444,0.4545454545454545,0.32,0.8461538461538461,0.25,0.5714285714285714,0.5,0.25,6.4752941176476755,6.31236494597816,8.330357142856103,3.590849673202006,6.506417112299684,2.729563025210122,7.097285067872777,2.199264705881754,3.780672268906781,5.265441176470417,5.552941176470246,0.5,0.2857142857142857,0.25,0.2222222222222222,0.3636363636363636,0.12,0.6153846153846154,0.125,0.1428571428571428,0.375,0.25,29.81119999999972,29.686285714286303,24.750500000000123,30.815111111111733,28.784363636363253,29.777200000000285,26.776615384615276,28.08399999999936,32.94342857142894,23.829499999999825,31.11100000000006,32.749411764705336,32.124789915966645,29.95735294117756,32.68169934640629,30.920855614973483,32.45070588235327,28.509502262443338,28.30588235294079,34.72100840336198,25.23602941176496,33.656862745097605,17,0.3,66.5000000000194,0.1732050807837727,0.0714285714285714,66.79999999998836,,0.25,66.60000000000582,4.115903174891995e-11,0.3333333333333333,44.79999999998836,38.79806696214669,0.0909090909090909,66.70000000001164,,0.22,60.63636363635305,20.111353645500895,0.3076923076923077,66.55000000001746,0.1732050807725706,0.125,66.70000000001164,,0.2857142857142857,66.69999999998254,4.115903174891995e-11,0.25,66.64999999999418,0.0707106781433501,0.3333333333333333,66.79999999998836,0.3366501646086112,62.77647058823256,5.577899166666666,4.887613884416401,0.5978533333333287,0.98,0.9333666666666588,0.6064266666666759,0.286640000000014,0.7436339393939435,0.5867499999999941,0.286640000000014,0.6766600000000093,0.7368599999999976,0.4999700000000071,0,0.0,0.0,1.0
VvTiIIg9tjuA8dCwFABk,23.595879999999426,18.45997618204623,46.870457142856786,13.36098388072877,50.49493333333288,31.87715301318466,43.7455999999985,18.63582336683703,46.243963636363944,17.67472898299979,33.56026400000037,18.723196238437545,52.395384615384984,21.927464897773007,29.32769999999844,12.66485079309628,31.03480000000048,20.85393047013829,39.27064999999828,22.189099180002696,36.5412333333337,17.64464905255696,42.54543587357797,27.6520299450953,24.8322902902785,41.0337119312181,1.3,1.8571428571428572,1.25,1.6666666666666667,2.0,1.56,2.3846153846153846,1.625,1.8571428571428572,1.875,1.75,27.52405882352922,44.97735894357843,36.79212184874094,46.63777777777674,46.916042780749535,35.87407899159684,49.90601809954744,23.837573529409436,29.490168067228492,43.62044117646891,39.893235294118085,1.1,1.4285714285714286,0.75,1.5555555555555556,1.4545454545454546,1.22,1.9230769230769231,1.0,1.7142857142857142,1.5,1.75,0.2674000000003725,0.6684571428567038,0.0,10.100844444444196,1.9445454545450311,1.6577199999999257,0.2056923076925942,2.673749999999418,3.0557142857142856,0.5013500000000931,9.358133333333535,0.3932352941181949,0.983025210083388,0.0,9.61150326797346,2.8596256684485755,2.4378235294116553,0.3024886877832268,3.931985294116791,4.493697478991597,0.7372794117648429,9.82995098039243,7,0.0,,,0.0714285714285714,133.68999999994412,,0.0,,,0.2222222222222222,66.8399999999674,94.52603450897158,0.0909090909090909,133.6799999999348,,0.12,111.40666666665736,54.57789760210784,0.0,,,0.125,133.6799999999348,,0.1428571428571428,133.69000000006054,,0.0,,,0.1666666666666666,133.69000000000233,8.231806349783991e-11,114.58857142855412,2.591370000000003,1.82175416613988,,0.5080160000000149,,0.7486560000000055,0.5080160000000149,0.6243224000000023,,0.5080160000000149,0.7753879999999889,,0.5447760000000009,0,0.0,0.0,0.0
WM5kGy75RPmQz9VXrLsl,31.680000000000057,17.225280645996087,56.68266666666669,17.099286158939673,56.06683333333252,29.355739368528635,21.80088888888849,20.203292184966475,26.27054545454543,23.34119676607667,26.303439999999913,18.89979317232448,32.05261538461545,22.10373542163692,36.46900000000038,19.893615084817014,39.67199999999979,23.086114614633782,54.518499999998895,18.260052002741745,53.42700000000021,15.826608216430587,33.86736908457852,30.59776369013932,26.143229883228337,37.71737653352033,2.4,2.857142857142857,2.25,1.6666666666666667,1.9090909090909092,1.88,2.4615384615384617,2.875,2.2857142857142856,3.375,3.6666666666666665,33.57176470588199,63.98583433373313,58.86376050420079,20.75098039215673,23.7385026737969,22.788033613445528,31.35927601809952,38.52794117647103,41.983193277311166,57.7691176470578,61.40686274509789,1.8,2.4285714285714284,1.5,1.2222222222222223,1.181818181818182,1.1,1.5384615384615383,2.125,1.5714285714285714,2.25,2.6666666666666665,1.4980000000001163,0.8534285714285631,1.3874999999997577,2.587999999999948,3.979636363636236,1.7427199999999914,2.4473846153847765,4.3234999999997665,3.8628571428571425,3.253000000000174,1.146333333333508,2.2029411764707594,0.5546218487394958,2.378571428571117,1.9594771241831208,5.228877005347376,1.4499831932773295,3.599095022624671,5.500735294117262,1.1201680672267929,4.783823529412022,1.685784313725747,9,0.0,,,0.0714285714285714,66.69999999999709,,0.0,,,0.2222222222222222,66.55000000000291,0.0707106781227706,0.2727272727272727,66.10000000000582,0.4999999999854481,0.12,64.31666666666327,3.2829356781299084,0.0,,,0.25,66.34999999999127,0.3535533906138532,0.0,,,0.125,65.60000000003492,,0.25,62.03333333332557,3.3605555096520656,64.91111111111078,10.201205000000002,8.13887018221466,,0.0666800000000046,,0.4904999999999941,0.7897733333333319,0.5301799999999988,,0.776320000000007,,0.8166799999999814,0.7111333333333333,1,18.0,0.0,1.0
WT5sAYboLTAL7UMiDeFN,30.681280000000264,22.228728041822965,23.252142857143003,23.576420396453756,19.05058333333366,19.19175055726785,35.79875555555575,22.11676337934117,23.21320000000044,19.486137234454375,26.577202666666658,18.954233893541247,30.440338461538737,26.943629636135068,23.98029999999926,22.962855162195662,23.01342857142944,12.787377392532528,15.207100000000718,16.136967159556637,23.28403333333306,20.294520918233264,49.62606613695387,40.22573267881196,38.75492061453382,29.701887631741307,2.1,1.2857142857142858,0.875,2.3333333333333335,1.7272727272727273,1.76,1.9230769230769231,1.375,2.0,1.25,1.5,25.754470588235343,19.238781512605566,27.13795168067218,37.135686274509766,22.34106951871727,23.52467563025204,31.304751131222076,26.541029411764185,23.732521008404444,13.27058823529446,20.31539215686273,1.3,1.0714285714285714,0.75,1.5555555555555556,1.2727272727272727,1.08,1.1538461538461535,1.0,1.2857142857142858,0.75,0.8333333333333334,8.422400000000314,8.785228571428659,2.5066666666666912,9.061111111110982,12.45727272727286,8.074770666666687,7.301476923077179,14.455000000000108,8.212228571428318,7.854250000000102,9.580966666666791,12.38588235294164,12.217310924369874,5.371428571428623,13.10673202614361,16.71096256684514,11.908369747899192,10.737466063348792,19.04558823529431,12.076806722688705,11.550367647058971,14.08965686274528,50,0.7,133.68714285715083,0.0048795003550858,0.5,133.69000000000233,0.0,0.125,133.69000000000233,,0.6666666666666666,133.68166666666608,0.0040824829060644,0.9090909090909092,133.68799999999538,0.0042163702128829,0.62,130.4522580645158,18.008425566882746,0.6153846153846154,133.6862500000061,0.0051754916898459,1.0,133.68749999999727,0.0046291004992444,0.7142857142857143,133.6859999999928,0.0054772255748391,0.75,133.6866666666659,0.0051639777997525,0.9166666666666666,124.5727272727262,30.231939762749057,131.6815999999999,2.0550571428571427,2.0100638180882053,0.6029336000000034,0.7524725714285735,0.5570333333333353,0.6577463999999967,0.5297390000000011,0.6837702933333354,0.5871140000000034,0.4601100000000011,0.6834800000000046,0.5982550000000018,0.6922071111111099,1,11.0,9.0,0.0
Wcn7pMrovBVk2optnS5s,28.475479999999635,10.569885157875351,48.955619047618775,17.926253542234566,49.492249999999885,35.08592915258225,35.353200000000136,21.118032004900357,31.173600000000388,18.534701446098936,17.87883999999984,15.190720674270816,35.32458461538463,15.065438267872466,37.09844999999965,21.19534211411282,37.146114285713985,16.152824358548504,48.71260000000024,15.992349270823254,50.578700000000104,19.63232588017662,24.09490136849172,28.39624001721201,26.94097883785684,20.105298127323884,2.1,2.7857142857142856,1.5,1.8888888888888888,2.090909090909091,1.24,2.0,2.125,2.0,2.375,2.3333333333333335,29.48988235294099,51.8788475390155,46.3411974789916,35.60653594771244,19.83877005347644,14.744998319327706,32.28791855203635,42.023382352940374,31.73672268907586,56.1538970588238,58.57039215686289,1.7,2.2142857142857144,1.125,1.3333333333333333,1.4545454545454546,0.72,1.3076923076923077,1.75,1.0,1.875,1.75,7.486520000000077,6.6525714285714335,4.177666666666603,6.832933333333413,4.253709090908999,8.333194666666575,7.969846153846189,5.3474999999998545,5.920457142856987,11.781249999999565,10.472199999999964,10.813000000000036,9.268319327731248,7.161607142856935,10.048431372549135,6.255454545454412,11.604974789915838,11.417918552036136,7.86397058823508,8.70655462184851,15.605147058822588,13.59813725490198,19,0.3,133.6866666666659,0.0057735026846709,0.2142857142857142,139.25666666667288,9.650411044775874,0.125,133.69000000000233,,0.3333333333333333,122.54333333333489,19.297933395406883,0.1818181818181818,100.26499999999942,47.27008832232482,0.26,132.40076923077083,10.70506847365576,0.3076923076923077,133.6875,0.0049999999949553,0.25,100.26499999999942,47.27008832232482,0.1428571428571428,133.67999999999302,,0.375,133.68999999999264,1.680310835481622e-11,0.25,133.6866666666756,0.0057735026804701,129.2889473684221,4.260635703703704,3.9995950080010982,0.7486533333333346,0.6784659999999975,0.8801133333333419,0.8065839999999986,0.8221819999999977,0.7235353939393943,0.7620220000000015,0.8221819999999977,0.5080159999999916,0.7018620000000053,0.7308266666666682,0,0.0,0.0,1.0
WqhUtMHW8tiAAqpxAtpL,9.89359999999916,9.155287521428956,14.60514285714199,11.327573158904013,18.56466666666267,14.60587562570306,12.244888888888786,9.99599855497969,18.779636363634328,13.401394489178193,15.903173333333587,17.280344709524574,16.474153846155925,11.702132297478698,8.16549999999581,12.41739313566578,11.169714285715353,8.912928394833441,24.455999999998603,17.49178092705409,16.322333333332402,14.95859492267232,17.757181678281803,26.766727766773492,22.876914124916667,15.850984070402976,1.1,1.5,1.25,1.4444444444444444,2.1818181818181817,1.28,1.3846153846153846,0.625,1.1428571428571428,2.375,1.5,10.865294117645552,12.83361344537727,14.671533613440658,10.873856209150023,17.88288770053339,13.23826890756472,13.872398190045985,8.545588235288639,11.353781512605824,24.182352941173388,14.77647058823598,0.8,0.8571428571428571,0.5,0.7777777777777778,1.5454545454545454,0.68,0.8461538461538461,0.5,0.8571428571428571,1.75,0.6666666666666666,30.922399999997577,22.77819047618979,24.800000000000193,24.48088888889075,21.23127272727391,24.141413333332636,25.537538461536887,24.822500000001163,27.691428571427902,13.727499999998836,24.58166666666511,34.705294117645145,22.25444177670923,30.446218487392684,26.078431372552064,22.19572192513543,25.596873949578484,28.818552036198675,24.21470588235431,29.752100840335157,15.809558823528384,26.568137254900364,11,0.2,41.25,34.43610024391657,0.0,,,0.0,,,0.2222222222222222,31.349999999976717,44.335595180363605,0.1818181818181818,33.34999999997672,47.16402230510979,0.12,62.85000000001552,6.747666263248266,0.1538461538461538,41.25,34.43610024391657,0.25,33.34999999997672,47.16402230510979,0.2857142857142857,66.75,1.0606601717798212,0.125,49.5,,0.25,43.800000000046566,37.94258820907057,47.84545454545878,8.138455999999996,9.00532978188067,0.2481600000000093,,,0.4384,0.1770399999999906,0.3733266666666604,0.2481600000000093,0.1770399999999906,0.253619999999972,0.8687200000000186,0.4525866666666542,0,0.0,0.0,0.0
Y20f3G9ulPHmbLwFS3JL,25.200359999999577,13.257086907026258,22.488171428571267,16.90955080054014,28.15809999999951,20.034651614116825,27.628799999998947,18.569497150972676,24.367745454545364,26.25082946850834,23.404416000000012,22.92187659592324,23.80683076923104,22.83736405540208,14.37145000000004,12.105944037892172,20.245257142857383,18.76731142872759,16.209650000000547,21.383269854925423,12.92316666666656,14.28916626763938,19.607440910521102,15.540139238659831,40.731294797221686,39.12501485615382,2.2,1.7857142857142858,1.5,1.8888888888888888,1.6363636363636365,1.66,1.6153846153846154,1.375,1.4285714285714286,1.375,1.0833333333333333,26.639470588234907,21.01415366146465,18.010115546218266,29.489934640521582,23.86010695187164,25.201253781512538,21.474886877828503,12.4102941176474,20.78352941176487,16.95669117647113,10.649166666666703,1.6,1.0714285714285714,0.75,1.2222222222222223,1.0,1.2,1.0,1.0,1.1428571428571428,0.875,0.6666666666666666,23.39539999999973,39.10417142857144,22.253449999999745,16.63666666666712,24.55054545454533,23.734311999999953,20.61879999999982,23.64689999999988,15.565085714285384,21.05579999999987,17.99273333333355,26.34435294117609,49.36134453781501,23.96069327731068,15.509542483660551,22.07278074866303,27.740428571428406,22.987013574660327,22.24036764705884,16.28966386554574,20.888602941176085,19.90568627450985,50,0.6,133.6883333333341,0.0040824829084407,0.7857142857142857,115.45818181817992,43.22678285928305,0.5,125.33250000000044,16.708333998344752,0.5555555555555556,127.0,14.948115265823004,0.8181818181818182,122.54777777777376,33.422916830294035,0.68,115.99323529411905,36.08593268436479,0.5384615384615384,133.68857142857243,0.0037796447336123,0.75,116.97666666665948,40.9342397836705,0.8571428571428571,100.26333333333362,51.7753326079757,0.5,133.69000000000233,0.0,0.6666666666666666,116.97750000000816,30.94245107568467,119.65040000000036,2.269737551020408,3.061590627878555,0.4692456000000005,0.6823659999999991,0.4261299999999901,0.5715169999999984,0.2495506666666682,0.5662195199999972,0.4879613333333342,0.2974550000000032,0.5213983999999985,0.5124706666666704,0.3626479999999952,1,10.0,0.0,0.0
j2t8byk1F3EIkYlHZfMW,13.836679999999992,14.873625928752023,13.798514285714337,20.39585376110548,3.342249999999937,9.453310557682777,25.8463111111112,30.463550475135463,19.870945454545566,29.420660868320702,8.422341333333257,14.009530948407903,18.61344615384632,26.533226352651532,9.191099999999931,10.894623031831562,20.24417142857141,20.688223593606335,13.201750000000466,16.113117992050025,14.315766666666896,17.91908827019808,40.49317894623214,34.842516121826414,24.320932013739977,26.434543760985513,0.8,0.7142857142857143,0.125,1.0,0.8181818181818182,0.48,0.6923076923076923,0.625,1.1428571428571428,0.75,0.9166666666666666,15.826235294117511,17.76420168067232,7.16196428571415,33.85882352941182,27.613422459893197,11.48142016806713,22.835791855203784,13.516323529411666,28.9283193277311,19.414338235294803,17.939754901961102,0.7,0.5714285714285714,0.125,0.8888888888888888,0.6363636363636364,0.4,0.4615384615384615,0.625,1.0,0.75,0.6666666666666666,42.17851999999972,38.84907619047629,53.197450000000416,31.045333333333645,36.52105454545452,38.06570933333351,41.08335384615357,32.419249999999955,31.035885714285623,43.281499999999866,37.04276666666701,38.63176470588215,34.13416566626634,39.70595588235434,25.557973856209408,29.31122994652405,30.616201680672432,37.27828054298616,26.29522058823536,26.681428571428295,35.38794117647023,26.37725490196081,6,0.0,,,0.0714285714285714,133.69000000000233,,0.125,33.429999999993015,,0.0,,,0.0909090909090909,133.69000000000233,,0.1,86.89999999999709,65.15090789850906,0.0,,,0.125,133.69000000000233,,0.1428571428571428,133.68999999998778,,0.0,,,0.1666666666666666,66.84500000000116,94.5331055768312,94.69833333333128,11.914035733333334,4.556676816809705,,0.5614919999999983,0.0,,0.7219160000000032,0.3556104000000003,,0.7219160000000032,0.4679080000000016,,0.3743260000000009,0,0.0,0.0,0.0
pasL7ho4VLoVIFuelJhN,10.294759999999718,12.963977586390854,14.992123809523695,16.33061894803397,14.76133333333346,17.862243226408363,9.283955555555812,12.291147958501714,10.938145454545475,13.379722521813653,11.21642133333344,13.773230302197446,11.003569230769289,15.156122704228869,13.786549999999808,12.02626111034843,21.77205714285707,26.934223792964666,4.344899999999689,10.712983876185843,7.18566666666656,8.489252303871389,14.820799659577446,16.42566752680729,15.072004141534132,21.556598979496854,0.8,0.9285714285714286,0.875,0.7777777777777778,0.8181818181818182,0.86,0.7692307692307693,1.0,1.2857142857142858,0.25,0.5,6.487882352941105,10.321470588234936,14.920535714285768,6.116470588235435,10.008716577540213,8.622310924369874,10.73737556561102,12.164558823529234,23.872773109243703,3.4405147058822716,2.293627450980434,0.5,0.4285714285714285,0.5,0.5555555555555556,0.3636363636363636,0.4,0.4615384615384615,0.375,0.8571428571428571,0.125,0.1666666666666666,27.940879999999773,15.756114285714656,17.268066666667096,14.85422222222195,22.30156363636345,18.44453066666698,23.241261538461323,25.651399999999775,19.28925714285753,15.29065000000024,20.49893333333331,33.422176470588084,19.800378151261196,21.275021008403584,14.963464052287224,27.792085561497306,22.55287394958022,28.280361990950055,32.31617647058824,24.15378151260543,21.011764705882715,25.06661764705881,7,0.0,,,0.0,,,0.125,133.69000000000233,,0.0,,,0.4545454545454545,133.68800000000047,0.0044721359591645,0.04,133.69000000000233,0.0,0.0,,,0.625,133.68800000000047,0.0044721359591645,0.0,,,0.0,,,0.0833333333333333,133.69000000000233,,133.68857142857243,12.14799,10.18996637031507,,,0.0534719999999972,,0.6517290000000008,0.4679059999999939,,0.6517290000000008,,,0.8823399999999907,0,0.0,0.0,0.0
rnRyj0bgZnB5es4ZA1Ok,26.81079999999964,8.620076008945597,28.009523809523728,13.831768223919948,21.755499999999543,10.476771802269273,26.58711111111139,9.429872062287757,31.766909090909177,5.892818705077064,26.54623999999988,13.570140189310894,23.072923076922617,12.315267614236072,22.166499999999942,11.012827001794689,24.002857142856477,12.79722047202121,28.761999999999823,15.762043957377482,29.71899999999955,15.457899010479478,16.56023007891688,21.29240651130699,18.580045248990515,26.214018670497182,2.7,2.5714285714285716,1.5,2.111111111111111,2.8181818181818183,2.44,2.076923076923077,2.125,2.2857142857142856,2.375,2.75,27.550588235293464,30.08211284513772,21.27489495798198,28.6464052287587,31.47540106951915,26.58838655462175,25.342533936651307,18.50073529411737,25.21092436974746,29.79926470588287,32.59558823529384,1.9,1.9285714285714288,0.875,1.5555555555555556,1.9090909090909092,1.64,1.8461538461538465,1.25,1.7142857142857142,1.5,2.0833333333333335,11.459600000000384,16.556952380952424,18.701666666666377,9.104444444444184,12.12981818181796,14.040293333333514,10.768615384615574,12.177999999999813,9.04857142857176,11.923499999999912,13.328000000000758,9.600588235294664,13.404441776710971,20.58718487394979,9.249019607843174,11.86256684491918,12.82978151260524,9.424886877828554,13.61397058823476,8.963865546218587,8.829411764706009,11.022549019608014,23,0.3,67.19999999999224,0.5196152422841057,0.2142857142857142,61.09999999997672,9.613012014951982,0.375,66.66666666667636,0.0577350269223232,0.2222222222222222,66.40000000000873,0.4242640687160444,0.4545454545454545,53.15999999999767,29.719909151946087,0.26,56.37692307692263,22.065816468247707,0.3846153846153846,67.15999999999185,0.4669047012084324,0.5,66.44999999999709,0.4509249752913253,0.2857142857142857,8.349999999991269,11.808683245802996,0.5,50.224999999998545,33.485457042323155,0.1666666666666666,66.70000000001164,0.0,58.02173913043225,4.685529696969697,4.269973951356665,0.224213333333334,0.4200266666666759,0.6888888888888824,0.3834599999999977,0.5946879999999981,0.4410574358974356,0.3091440000000014,0.5900299999999987,0.2533200000000011,0.4366,0.4367199999999953,0,0.0,0.0,0.0
vgyT6YEmZhhePfsV4X68,26.20599999999954,22.452694547525017,27.33409523809484,14.666553050509265,19.86166666666589,19.43549289642455,25.84444444444367,17.402646056785922,21.705818181817673,13.934318884095209,22.43575999999999,17.742964880055403,20.92153846153864,14.87211937718469,23.835999999999185,22.86180565297216,21.710285714284648,15.44825044802053,22.504000000001103,17.909471652093618,18.061333333333796,16.35553665128585,21.758313778620888,16.320833956044286,16.01290937924483,16.478919902192814,1.6,1.7142857142857142,1.125,1.4444444444444444,1.818181818181818,1.52,1.6923076923076923,1.75,1.2857142857142858,1.25,1.25,28.04117647058755,25.120408163265537,9.232142857141818,29.8418300653575,25.588235294117336,25.044050420167896,24.050226244343794,23.04485294117544,21.976470588233923,25.865441176470675,17.323529411765843,1.1,1.0,0.375,1.2222222222222223,1.6363636363636365,1.08,1.4615384615384617,1.375,0.8571428571428571,1.0,0.9166666666666666,12.73559999999986,6.996285714285581,13.341666666666471,6.0786666666667175,6.53999999999873,9.80170666666644,11.796307692307836,6.826499999998778,9.049142857142058,7.249499999999535,12.945333333332869,14.41588235294056,6.576470588234609,18.89863445377888,5.993464052287582,5.16310160427683,11.513546218486688,14.029864253393558,5.016911764704941,11.906722689074847,8.577941176470416,15.4426470588229,17,0.2,0.0,0.0,0.4285714285714285,33.333333333333336,36.51485542442511,0.125,0.0,,0.0,,,0.1818181818181818,0.0,0.0,0.24,18.058333333334303,29.693876269001755,0.2307692307692307,0.0,0.0,0.25,0.0,0.0,0.1428571428571428,0.0,,0.25,0.0,0.0,0.25,5.566666666670547,9.641749495473473,12.747058823530097,6.411926666666668,4.359201829945989,0.6566600000000093,0.3466866666666737,0.4888666666666201,,0.6733999999999767,0.3774188888888878,0.5600266666666682,0.6733999999999767,0.3000399999999907,0.313379999999993,0.4666666666666666,1,17.0,9.0,0.0
xn3yMJ8STzchnQPg94lH,11.771999999999707,9.784623583289452,25.485999999999876,18.133077009877645,26.93549999999901,13.138449454312273,22.344444444444058,14.87084805173454,30.452727272727273,11.425126249551134,24.511706666666623,14.685588497491096,32.33107692307672,17.51483646541576,14.074500000000407,12.133020434217942,17.652571428570912,13.684114474541945,20.494500000000553,19.078361707142655,9.328666666667026,10.487530650802688,26.207816360772583,29.077997686068414,19.1720187109912,27.1085741417725,1.0,1.7857142857142858,1.375,1.8888888888888888,2.636363636363636,2.02,2.923076923076923,1.5,1.7142857142857142,1.375,0.6666666666666666,7.0317647058822335,17.076530612244802,17.200315126049897,22.822875816993044,30.559358288770166,24.65421848739496,34.46199095022648,6.927205882352877,14.873949579831688,18.945588235294583,6.695098039215986,0.4,0.7857142857142857,0.375,1.2222222222222223,1.818181818181818,1.28,2.0,0.375,0.8571428571428571,0.75,0.3333333333333333,19.6084000000002,15.830857142857385,15.63966666666643,21.12444444444412,16.74399999999928,18.162666666666706,18.535692307692553,18.359999999999125,18.59199999999995,13.163499999999624,22.823666666667076,20.599411764706108,16.958943577431658,9.396848739496184,20.36862745097997,17.218716577539457,17.85894117647092,18.261085972850797,18.375735294116833,22.10840336134449,11.79044117647016,22.29656862745148,4,0.0,,,0.1428571428571428,63.650000000001455,4.3133513652317665,0.0,,,0.0,,,0.0,,,0.06,65.23333333334206,4.1016256939628,0.0769230769230769,63.10000000000582,,0.0,,,0.0,,,0.25,65.75000000001455,3.7476659403010495,0.0,,,64.700000000008,29.187439999999995,24.95042810755759,,0.4797800000000017,,,,0.4854666666666647,0.5930400000000023,,,0.5449399999999965,,0,0.0,0.0,1.0
xx19J8Xeoc4thStIAtUe,11.334799999999989,22.475318931366928,16.703714285714323,19.53945710382148,17.03533333333316,24.03206855399943,16.74044444444428,18.710778438583855,12.667272727273046,16.288477872968507,12.365386666666648,15.363498800678732,13.587692307692397,15.99369454600084,18.991500000000087,21.067277531077263,11.99371428571442,17.114914019788714,11.839499999999536,13.374782315985996,4.999000000000088,7.249287689145921,28.893847615789088,25.894091494768254,14.446648998046063,32.2143866884705,0.9,1.4285714285714286,1.0,1.4444444444444444,0.9090909090909092,1.06,1.4615384615384617,1.75,1.1428571428571428,1.125,0.4166666666666667,11.472941176470382,18.46620648259326,15.9571428571429,22.767973856208485,15.063636363636489,11.145025210084034,15.301809954751114,16.902205882353133,11.195798319327755,10.18088235294058,3.3480392156863457,0.7,0.8571428571428571,0.375,1.3333333333333333,0.9090909090909092,0.72,1.0769230769230769,1.125,0.8571428571428571,0.625,0.1666666666666666,55.135200000000545,47.85438095238091,54.00333333333406,45.17733333333408,48.722545454545866,51.7335200000003,50.51353846153908,49.5755000000004,49.342285714285595,44.66050000000104,64.4513333333338,52.645294117647985,45.95978391356524,53.04621848739548,41.27320261437977,48.8304812834231,50.04107563025231,47.809954751132,49.0036764705892,42.58403361344525,41.409558823529494,71.49264705882409,38,0.4,66.82499999998981,0.3862210075455244,0.3571428571428571,53.320000000006985,29.80682807680536,0.5,66.69999999997526,0.0816496580975252,0.7777777777777778,64.27142857141735,6.337379659785976,0.5454545454545454,66.56666666666813,0.1861898672605692,0.5,60.00399999999499,17.355726240450007,0.4615384615384615,66.76666666666279,0.3141125063837883,0.625,66.56000000000058,0.2073644135446456,0.4285714285714285,55.566666666656,19.196961565157668,0.5,66.62500000001455,0.0499999999980597,0.5833333333333334,59.528571428566856,18.930285636672977,62.28157894736413,2.789180900900901,2.6884228174320515,0.5183100000000006,0.4924666666666624,0.6549500000000077,0.7076285714285732,0.5920319999999972,0.6085118840579709,0.6144666666666648,0.5900199999999983,0.5111333333333333,0.7767499999999913,0.6186959999999975,1,16.0,14.0,0.0
